Timestamp, Q1.  What is your age group?  ,Q2.  What is your approximate monthly income (in Naira)? ,Q3.  What is your current employment status? ,Q4.  How would you describe the consistency of your income? ,Q1.  I trust that Cowrywise will keep my money safe. ,Q2.  I am confident that Cowrywise has adequate security measures to protect my personal data. ,Q3.  The fact that Cowrywise is regulated by the SEC increases my confidence in the platform. ,Q4.  I trust Cowrywise more than traditional informal savings methods like Ajo/Esusu. ,Q5.  Past negative news about Nigerian fintech companies makes me hesitant to fully trust Cowrywise. ,Q1.  How would you rate your overall financial knowledge? ,"Q2.  Before using Cowrywise, did you understand how interest on digital savings works?",Q3.   How did your level of financial knowledge influence your decision to use Cowrywise?   ,"Q4.  In your view, what would most improve your confidence in using digital savings platforms like Cowrywise? ",Q1.  How did you first hear about Cowrywise? ,"Q2.  Did seeing others save on Cowrywise (friends, family, or social media) influence your decision to join? ",Q3. Financial influencers on social media made digital savings feel more trustworthy and accessible to me.   ,Q4.  Positive reviews and testimonials online increased my confidence in using Cowrywise. ,Q1.  The Cowrywise app is easy to navigate and use. ,Q2.  The onboarding / sign-up process was straightforward and quick. ,"Q3.  Overall, my experience with Cowrywise has positively influenced my savings behaviour. "
3/19/2026 10:37:59,25 – 34,"₦100,000 – ₦250,000",Employed (Full-time),Very stable – same amount every month,Agree,Neutral,Neutral,Agree,Agree,Good – I am comfortable with most financial concepts,Partially – I had some understanding,I felt confident enough to join because of my financial knowledge,Security,Instagram / Twitter (X) / TikTok advertisement,No — it had no influence on my decision,Disagree,Neutral,Agree,Agree,Agree
3/19/2026 10:39:17,35 – 44,"Above ₦1,000,000",Employed (Full-time),Very stable – same amount every month,Neutral,Neutral,Neutral,Neutral,Neutral,Good – I am comfortable with most financial concepts,Partially – I had some understanding,Limited knowledge has prevented me from using certain features on the platform,Transparency ,Instagram / Twitter (X) / TikTok advertisement,No — it had no influence on my decision,Neutral,Neutral,Neutral,Neutral,Neutral
3/19/2026 10:42:55,25 – 34,"₦250,001 – ₦500,000",Employed (Full-time),Mostly stable – occasional variation,Agree,Agree,Strongly Agree,Strongly Agree,Neutral,"Moderate – I understand savings, interest, and some investments","No, but I learned after joining",I joined despite limited knowledge — I was curious to learn,"Accessibility, being able to walk into their branch just like a traditional bank ",Recommendation from a friend or family member,Yes — it was a major factor,Disagree,Disagree,Strongly Agree,Strongly Agree,Strongly Agree
3/19/2026 10:43:40,25 – 34,"₦250,001 – ₦500,000",Self-employed / Entrepreneur,Moderately irregular – varies month to month,Neutral,Neutral,Agree,Neutral,Neutral,"Moderate – I understand savings, interest, and some investments",Partially – I had some understanding,I joined despite limited knowledge — I was curious to learn,,Instagram / Twitter (X) / TikTok advertisement,Yes — it was a major factor,Neutral,Agree,Agree,Agree,Agree
3/19/2026 10:43:56,25 – 34,Prefer not to say,Employed (Part-time),Mostly stable – occasional variation,Strongly Agree,Strongly Agree,Strongly Agree,Strongly Agree,Strongly disagree,"Moderate – I understand savings, interest, and some investments","No, I still do not fully understand",I joined despite limited knowledge — I was curious to learn,Having clear information about how it works available online before I join,Recommendation from a friend or family member,No — it had no influence on my decision,Strongly Disagree,Strongly Disagree,Disagree,Agree,Neutral
3/19/2026 11:39:06,25 – 34,"Above ₦1,000,000",Employed (Full-time),Very stable – same amount every month,Strongly Agree,Strongly Agree,Strongly Agree,Strongly Agree,Strongly disagree,Excellent – I am highly knowledgeable about financial products,"Yes, fully",I felt confident enough to join because of my financial knowledge,,Recommendation from a friend or family member,Yes — it was a major factor,Agree,Strongly Agree,Neutral,Neutral,Strongly Agree
3/19/2026 12:25:53,35 – 44,"₦250,001 – ₦500,000",Self-employed / Entrepreneur,Mostly stable – occasional variation,Agree,Neutral,Agree,Agree,Agree,Basic – I understand savings but not investments,Partially – I had some understanding,I joined despite limited knowledge — I was curious to learn,"transparency, able to see how my move moves and grows end to end, flexibilty and no hidden Ts $Cs or deductions.",Instagram / Twitter (X) / TikTok advertisement,Yes — it was a major factor,Neutral,Agree,Agree,Agree,Strongly Agree
3/19/2026 16:52:10,25 – 34,"Above ₦1,000,000",Employed (Full-time),Very stable – same amount every month,Agree,Agree,Agree,Neutral,Disagree,"Moderate – I understand savings, interest, and some investments","Yes, fully",I felt confident enough to join because of my financial knowledge,N/A,Workplace or community group,No — it had no influence on my decision,Strongly Disagree,Neutral,Neutral,Neutral,Neutral
3/21/2026 9:51:44,25 – 34,"₦250,001 – ₦500,000",Employed (Full-time),Very stable – same amount every month,Agree,Agree,Strongly Agree,Strongly Agree,Disagree,Excellent – I am highly knowledgeable about financial products,Partially – I had some understanding,I felt confident enough to join because of my financial knowledge,Higher savings rates. more investment opportunities ,Instagram / Twitter (X) / TikTok advertisement,Yes — it was a major factor,Agree,Strongly Agree,Agree,Agree,Agree
3/23/2026 13:15:46,25 – 34,"₦500,001 – ₦1,000,000",Employed (Full-time),Very stable – same amount every month,Agree,Agree,Agree,Agree,Disagree,Excellent – I am highly knowledgeable about financial products,"Yes, fully",I felt confident enough to join because of my financial knowledge,Positive reviews and unrestricted access to funds,Recommendation from a friend or family member,No — it had no influence on my decision,Strongly Disagree,Strongly Agree,Agree,Agree,Agree
3/23/2026 13:24:02,25 – 34,"₦250,001 – ₦500,000",Self-employed / Entrepreneur,Moderately irregular – varies month to month,Agree,Agree,Agree,Agree,Neutral,"Moderate – I understand savings, interest, and some investments",Partially – I had some understanding,I joined despite limited knowledge — I was curious to learn,Positive reviews ,Instagram / Twitter (X) / TikTok advertisement,Yes — it was a major factor,Neutral,Agree,Agree,Agree,Strongly Agree
3/23/2026 13:32:50,35 – 44,"₦100,000 – ₦250,000",Employed (Full-time),Very stable – same amount every month,Neutral,Neutral,Strongly Disagree,Neutral,Agree,"Moderate – I understand savings, interest, and some investments","No, I still do not fully understand",Limited knowledge delayed my adoption,What will improve my confidence in using digital savings platform is having strict securities measures  ,Other (please specify): ____________________________,No — it had no influence on my decision,Disagree,Agree,Neutral,Disagree,Agree
3/23/2026 13:35:20,25 – 34,"₦500,001 – ₦1,000,000",Employed (Full-time),Very stable – same amount every month,Agree,Agree,Strongly Agree,Agree,Disagree,"Moderate – I understand savings, interest, and some investments","No, but I learned after joining",Limited knowledge delayed my adoption,NIL,Recommendation from a friend or family member,Yes — it was a major factor,Agree,Strongly Agree,Agree,Agree,Agree
3/23/2026 13:38:02,25 – 34,"₦250,001 – ₦500,000",Employed (Full-time),Very stable – same amount every month,Strongly Agree,Agree,Agree,Strongly Agree,Disagree,"Moderate – I understand savings, interest, and some investments",Partially – I had some understanding,I felt confident enough to join because of my financial knowledge,Money ,Google / App Store search,No — it had no influence on my decision,Strongly Disagree,Disagree,Agree,Strongly Agree,Agree
3/23/2026 13:40:32,25 – 34,"₦250,001 – ₦500,000",Employed (Full-time),Mostly stable – occasional variation,Agree,Agree,Neutral,Neutral,Agree,Basic – I understand savings but not investments,Partially – I had some understanding,I joined despite limited knowledge — I was curious to learn,I can’t think of anything right now.,Recommendation from a friend or family member,Yes — it was a major factor,Agree,Agree,Agree,Agree,Agree
3/23/2026 13:41:52,25 – 34,"₦100,000 – ₦250,000",Self-employed / Entrepreneur,Moderately irregular – varies month to month,Strongly Agree,Strongly Agree,Strongly Agree,Strongly Agree,Strongly disagree,Good – I am comfortable with most financial concepts,"Yes, fully",I felt confident enough to join because of my financial knowledge,Interest rate on my savings,Instagram / Twitter (X) / TikTok advertisement,Yes — it was a major factor,Strongly Disagree,Strongly Agree,Strongly Agree,Agree,Agree
3/23/2026 13:42:24,25 – 34,Prefer not to say,Self-employed / Entrepreneur,Highly irregular – unpredictable income,Disagree,Neutral,Neutral,Neutral,Neutral,Good – I am comfortable with most financial concepts,"No, I still do not fully understand",Limited knowledge has prevented me from using certain features on the platform,TRUST,Recommendation from a friend or family member,Yes — it was a major factor,Neutral,Neutral,Neutral,Neutral,Neutral
3/23/2026 13:42:37,25 – 34,"Below ₦100,000",Employed (Full-time),Very stable – same amount every month,Strongly Agree,Agree,Neutral,Neutral,Agree,Excellent – I am highly knowledgeable about financial products,"Yes, fully",Limited knowledge delayed my adoption,Interest rate/Tax,Workplace or community group,Yes — it was a minor factor,Strongly Disagree,Strongly Agree,Agree,Agree,Strongly Agree
3/23/2026 13:43:59,25 – 34,"₦250,001 – ₦500,000",Self-employed / Entrepreneur,Moderately irregular – varies month to month,Neutral,Neutral,Strongly Agree,Neutral,Neutral,Excellent – I am highly knowledgeable about financial products,"No, I still do not fully understand",I felt confident enough to join because of my financial knowledge,Nothing ,Financial influencer or content creator,No — it had no influence on my decision,Strongly Agree,Strongly Agree,Strongly Disagree,Strongly Disagree,Strongly Disagree
3/23/2026 13:46:43,25 – 34,"₦100,000 – ₦250,000",Employed (Part-time),Very stable – same amount every month,Agree,Agree,Agree,Agree,Agree,Good – I am comfortable with most financial concepts,"Yes, fully",I joined despite limited knowledge — I was curious to learn,Maximum security ,Google / App Store search,Yes — it was a major factor,Agree,Agree,Agree,Agree,Agree
3/23/2026 13:46:50,25 – 34,"₦250,001 – ₦500,000",Employed (Full-time),Very stable – same amount every month,Neutral,Agree,Neutral,Neutral,Neutral,Excellent – I am highly knowledgeable about financial products,"Yes, fully",I felt confident enough to join because of my financial knowledge,Easy access ,Financial influencer or content creator,I am not sure,Neutral,Neutral,Neutral,Neutral,Neutral
3/23/2026 13:48:43,25 – 34,"₦100,000 – ₦250,000",Employed (Full-time),Very stable – same amount every month,Agree,Agree,Agree,Agree,Disagree,"Moderate – I understand savings, interest, and some investments","Yes, fully",I felt confident enough to join because of my financial knowledge,Clear info on data protection ,Instagram / Twitter (X) / TikTok advertisement,Yes — it was a major factor,Agree,Agree,Agree,Agree,Agree
3/23/2026 13:48:54,18 – 24,"Below ₦100,000",Student,Very stable – same amount every month,Strongly Disagree,Strongly Disagree,Strongly Disagree,Strongly Diagree,Strongly disagree,Basic – I understand savings but not investments,Partially – I had some understanding,I felt confident enough to join because of my financial knowledge,Knowing that my funds are well protected through strong security measures and proper regulation would make me feel safer,Google / App Store search,I am not sure,Strongly Disagree,Strongly Disagree,Strongly Disagree,Strongly Disagree,Strongly Disagree
3/23/2026 13:49:33,25 – 34,"₦100,000 – ₦250,000",Employed (Full-time),Very stable – same amount every month,Strongly Agree,Strongly Agree,Strongly Agree,Strongly Agree,Agree,Good – I am comfortable with most financial concepts,Partially – I had some understanding,I felt confident enough to join because of my financial knowledge,"Physical, accessible locations ",Recommendation from a friend or family member,Yes — it was a major factor,Agree,Strongly Agree,Agree,Strongly Agree,Strongly Agree
3/23/2026 13:50:12,25 – 34,"₦100,000 – ₦250,000",Self-employed / Entrepreneur,Moderately irregular – varies month to month,Agree,Agree,Agree,Agree,Agree,Excellent – I am highly knowledgeable about financial products,"Yes, fully",I felt confident enough to join because of my financial knowledge,The User experience where transactions go through uninterrupted and minor or major issues are being processed and resolved easily via any means of reporting.,Recommendation from a friend or family member,I am not sure,Disagree,Neutral,Agree,Agree,Agree
3/23/2026 13:52:17,25 – 34,"₦100,000 – ₦250,000",Employed (Full-time),Very stable – same amount every month,Agree,Agree,Agree,Agree,Neutral,Good – I am comfortable with most financial concepts,"Yes, fully",I felt confident enough to join because of my financial knowledge,To have a work-in branches. ,Instagram / Twitter (X) / TikTok advertisement,I am not sure,Neutral,Neutral,Neutral,Neutral,Neutral
3/23/2026 14:01:50,25 – 34,Prefer not to say,Self-employed / Entrepreneur,Mostly stable – occasional variation,Agree,Agree,Agree,Agree,Agree,Good – I am comfortable with most financial concepts,"No, but I learned after joining",I felt confident enough to join because of my financial knowledge,Credibility ,Instagram / Twitter (X) / TikTok advertisement,No — it had no influence on my decision,Agree,Agree,Agree,Agree,Neutral
3/23/2026 14:22:48,25 – 34,"₦100,000 – ₦250,000",Employed (Full-time),Very stable – same amount every month,Agree,Agree,Strongly Agree,Strongly Agree,Neutral,"Moderate – I understand savings, interest, and some investments",Partially – I had some understanding,I joined despite limited knowledge — I was curious to learn,"A wider reach/ customer base would make me more confident, knowing a company that big would not just pack up.",Recommendation from a friend or family member,Yes — it was a major factor,Agree,Agree,Agree,Neutral,Agree
3/23/2026 14:27:02,45 – 55,"₦100,000 – ₦250,000",Employed (Full-time),Very stable – same amount every month,Strongly Agree,Strongly Agree,Agree,Strongly Agree,Agree,Good – I am comfortable with most financial concepts,Partially – I had some understanding,I felt confident enough to join because of my financial knowledge,Accurate measure and means of having an investment ,Recommendation from a friend or family member,Yes — it was a major factor,Strongly Agree,Agree,Strongly Agree,Strongly Agree,Agree
3/23/2026 14:27:33,18 – 24,"Below ₦100,000",Student,Moderately irregular – varies month to month,Agree,Agree,Agree,Agree,Neutral,"Moderate – I understand savings, interest, and some investments",Partially – I had some understanding,I joined despite limited knowledge — I was curious to learn,"My confidence will improve most if I ‘m sure my money is safe ,easy to withdraw and the platform is transparent and reliable,esports with good reviews from other users and responsive customer support on platforms like cowrywise.",Recommendation from a friend or family member,Yes — it was a major factor,Agree,Agree,Agree,Neutral,Agree
3/23/2026 14:32:22,25 – 34,Prefer not to say,Student,Mostly stable – occasional variation,Strongly Agree,Agree,Neutral,Strongly Agree,Strongly disagree,Basic – I understand savings but not investments,"No, but I learned after joining",I joined despite limited knowledge — I was curious to learn,Trainings on investment ,Recommendation from a friend or family member,I am not sure,Strongly Disagree,Strongly Disagree,Strongly Agree,Strongly Agree,Strongly Agree
3/23/2026 14:39:11,18 – 24,"₦100,000 – ₦250,000",Employed (Full-time),Very stable – same amount every month,Agree,Agree,Agree,Neutral,Neutral,Excellent – I am highly knowledgeable about financial products,"Yes, fully",I felt confident enough to join because of my financial knowledge,"It's safe,and the interest attached to it is reasonable.",Workplace or community group,Yes — it was a major factor,Agree,Agree,Agree,Agree,Agree
3/23/2026 14:46:26,25 – 34,"₦250,001 – ₦500,000",Employed (Part-time),Moderately irregular – varies month to month,Strongly Agree,Strongly Agree,Strongly Agree,Strongly Agree,Strongly disagree,Good – I am comfortable with most financial concepts,Partially – I had some understanding,I joined despite limited knowledge — I was curious to learn,Transparency. ,Instagram / Twitter (X) / TikTok advertisement,No — it had no influence on my decision,Strongly Disagree,Neutral,Agree,Agree,Agree
3/23/2026 14:47:35,25 – 34,"₦500,001 – ₦1,000,000",Employed (Full-time),Mostly stable – occasional variation,Agree,Neutral,Agree,Agree,Neutral,"Moderate – I understand savings, interest, and some investments","No, but I learned after joining",I joined despite limited knowledge — I was curious to learn,the fact that it is being regulated by SEC,Instagram / Twitter (X) / TikTok advertisement,Yes — it was a major factor,Neutral,Agree,Neutral,Agree,Agree
3/23/2026 14:48:27,18 – 24,"Below ₦100,000",Student,Highly irregular – unpredictable income,Neutral,Agree,Strongly Agree,Agree,Neutral,"Moderate – I understand savings, interest, and some investments",Partially – I had some understanding,Limited knowledge has prevented me from using certain features on the platform,A very strong security system ,Recommendation from a friend or family member,Yes — it was a minor factor,Neutral,Neutral,Neutral,Neutral,Neutral
3/23/2026 14:50:06,25 – 34,"Below ₦100,000",Self-employed / Entrepreneur,Mostly stable – occasional variation,Strongly Agree,Agree,Agree,Agree,Disagree,"Moderate – I understand savings, interest, and some investments",Partially – I had some understanding,I felt confident enough to join because of my financial knowledge,Positive recommendation ,Instagram / Twitter (X) / TikTok advertisement,No — it had no influence on my decision,Agree,Agree,Agree,Agree,Strongly Agree
3/23/2026 14:51:15,35 – 44,"₦100,000 – ₦250,000",Self-employed / Entrepreneur,Highly irregular – unpredictable income,Neutral,Neutral,Agree,Agree,Agree,Very poor – I know very little about financial products,"No, I still do not fully understand",I joined despite limited knowledge — I was curious to learn,May be time will tell,Google / App Store search,No — it had no influence on my decision,Neutral,Agree,Neutral,Neutral,Disagree
3/23/2026 14:53:11,25 – 34,"₦250,001 – ₦500,000",Employed (Full-time),Mostly stable – occasional variation,Neutral,Agree,Neutral,Strongly Diagree,Disagree,"Moderate – I understand savings, interest, and some investments",Partially – I had some understanding,Limited knowledge has prevented me from using certain features on the platform,Number of people using it,Workplace or community group,I am not sure,Neutral,Agree,Neutral,Neutral,Neutral
3/23/2026 14:58:44,18 – 24,"Below ₦100,000",Unemployed,Highly irregular – unpredictable income,Agree,Agree,Agree,Agree,Agree,Basic – I understand savings but not investments,Partially – I had some understanding,Limited knowledge delayed my adoption,People's review mostly ,Instagram / Twitter (X) / TikTok advertisement,Yes — it was a minor factor,Agree,Agree,Agree,Agree,Strongly Agree
3/23/2026 15:05:04,18 – 24,"₦100,000 – ₦250,000",Employed (Full-time),Very stable – same amount every month,Agree,Agree,Agree,Strongly Diagree,Disagree,Good – I am comfortable with most financial concepts,"Yes, fully",I felt confident enough to join because of my financial knowledge,I'm super confident ,Recommendation from a friend or family member,Yes — it was a major factor,Strongly Disagree,Strongly Disagree,Neutral,Agree,Strongly Disagree
3/23/2026 15:06:11,18 – 24,"Below ₦100,000",Unemployed,Highly irregular – unpredictable income,Agree,Agree,Agree,Neutral,Neutral,Basic – I understand savings but not investments,Partially – I had some understanding,I felt confident enough to join because of my financial knowledge,Investment,Recommendation from a friend or family member,Yes — it was a major factor,Neutral,Agree,Agree,Agree,Agree
3/23/2026 15:06:59,18 – 24,"Below ₦100,000",Self-employed / Entrepreneur,Moderately irregular – varies month to month,Agree,Agree,Agree,Agree,Agree,Excellent – I am highly knowledgeable about financial products,"No, but I learned after joining",I felt confident enough to join because of my financial knowledge,"“My confidence would improve if I have clear assurance that my money is secure, easy access to withdrawals, and transparency about how the platform works.”",Recommendation from a friend or family member,No — it had no influence on my decision,Neutral,Neutral,Neutral,Neutral,Neutral
3/23/2026 15:09:44,25 – 34,"Below ₦100,000",Employed (Full-time),Mostly stable – occasional variation,Strongly Disagree,Strongly Disagree,Strongly Disagree,Strongly Diagree,Neutral,"Moderate – I understand savings, interest, and some investments",Partially – I had some understanding,I joined despite limited knowledge — I was curious to learn,Testimonies/feedbacks,Google / App Store search,Yes — it was a major factor,Neutral,Agree,Agree,Agree,Agree
3/23/2026 15:10:15,35 – 44,Prefer not to say,Self-employed / Entrepreneur,Highly irregular – unpredictable income,Strongly Agree,Agree,Agree,Strongly Agree,Agree,Basic – I understand savings but not investments,Partially – I had some understanding,I joined despite limited knowledge — I was curious to learn,"What will and still improve my confidence using cowrywise, is because I was told my funds will be credited to my account after 24hours withdrawal and that's exactly what was delivered. ",Recommendation from a friend or family member,Yes — it was a major factor,Neutral,Neutral,Strongly Agree,Agree,Strongly Agree
3/23/2026 15:13:46,25 – 34,"Below ₦100,000",Employed (Part-time),Mostly stable – occasional variation,Agree,Agree,Agree,Strongly Agree,Agree,Good – I am comfortable with most financial concepts,Partially – I had some understanding,I joined despite limited knowledge — I was curious to learn,There should be a well stated feature and parameters ,Recommendation from a friend or family member,Yes — it was a minor factor,Agree,Agree,Agree,Neutral,Agree
3/23/2026 15:14:45,18 – 24,"Below ₦100,000",Student,Mostly stable – occasional variation,Neutral,Neutral,Neutral,Strongly Diagree,Agree,Good – I am comfortable with most financial concepts,"No, but I learned after joining",I joined despite limited knowledge — I was curious to learn,Nothing ,Instagram / Twitter (X) / TikTok advertisement,No — it had no influence on my decision,Agree,Agree,Neutral,Neutral,Neutral
3/23/2026 15:16:49,18 – 24,"Below ₦100,000",Self-employed / Entrepreneur,Highly irregular – unpredictable income,Neutral,Neutral,Neutral,Neutral,Neutral,Excellent – I am highly knowledgeable about financial products,Partially – I had some understanding,Limited knowledge delayed my adoption,I really don't know must about it ,Recommendation from a friend or family member,Yes — it was a major factor,Strongly Agree,Agree,Strongly Agree,Strongly Agree,Strongly Agree
3/23/2026 15:17:15,18 – 24,"₦100,000 – ₦250,000",Student,Mostly stable – occasional variation,Agree,Agree,Neutral,Neutral,Disagree,"Moderate – I understand savings, interest, and some investments",Partially – I had some understanding,I joined despite limited knowledge — I was curious to learn,Improved security ,Recommendation from a friend or family member,Yes — it was a major factor,Neutral,Agree,Strongly Agree,Strongly Agree,Agree
3/23/2026 15:18:08,18 – 24,"Below ₦100,000",Student,Moderately irregular – varies month to month,Strongly Agree,Strongly Agree,Strongly Agree,Strongly Agree,Strongly Agree,Good – I am comfortable with most financial concepts,"Yes, fully",I felt confident enough to join because of my financial knowledge,Trust,Recommendation from a friend or family member,Yes — it was a major factor,Agree,Strongly Agree,Strongly Agree,Strongly Agree,Strongly Agree
3/23/2026 15:21:51,18 – 24,Prefer not to say,Student,Highly irregular – unpredictable income,Agree,Agree,Agree,Agree,Agree,Basic – I understand savings but not investments,Partially – I had some understanding,I felt confident enough to join because of my financial knowledge,How they take u through the process without hiding anything ,Recommendation from a friend or family member,Yes — it was a minor factor,Agree,Agree,Agree,Agree,Agree
3/23/2026 15:25:26,18 – 24,"Below ₦100,000",Student,Highly irregular – unpredictable income,Agree,Agree,Agree,Agree,Neutral,"Moderate – I understand savings, interest, and some investments","No, I still do not fully understand",Limited knowledge delayed my adoption,More understanding ,Google / App Store search,No — it had no influence on my decision,Agree,Neutral,Strongly Agree,Strongly Agree,Neutral
3/23/2026 15:26:08,18 – 24,"Below ₦100,000",Student,Mostly stable – occasional variation,Neutral,Agree,Agree,Neutral,Neutral,Excellent – I am highly knowledgeable about financial products,"No, I still do not fully understand",I felt confident enough to join because of my financial knowledge,it is reliable,Recommendation from a friend or family member,I am not sure,Agree,Neutral,Neutral,Neutral,Agree
3/23/2026 15:26:25,35 – 44,"₦100,000 – ₦250,000",Employed (Full-time),Very stable – same amount every month,Agree,Agree,Agree,Agree,Agree,"Moderate – I understand savings, interest, and some investments","No, but I learned after joining",Limited knowledge delayed my adoption,User friendly ,Recommendation from a friend or family member,Yes — it was a minor factor,Agree,Agree,Agree,Agree,Agree
3/23/2026 15:30:06,25 – 34,"Below ₦100,000",Employed (Part-time),Very stable – same amount every month,Agree,Neutral,Neutral,Agree,Neutral,"Moderate – I understand savings, interest, and some investments",Partially – I had some understanding,I joined despite limited knowledge — I was curious to learn,Strong regulation and transparency ,Recommendation from a friend or family member,Yes — it was a major factor,Strongly Agree,Strongly Agree,Strongly Agree,Strongly Agree,Strongly Agree
3/23/2026 15:31:31,18 – 24,"Below ₦100,000",Employed (Full-time),Very stable – same amount every month,Strongly Agree,Agree,Agree,Agree,Agree,"Moderate – I understand savings, interest, and some investments",Partially – I had some understanding,I joined despite limited knowledge — I was curious to learn,Because they are trustworthy ,Recommendation from a friend or family member,Yes — it was a major factor,Agree,Agree,Agree,Agree,Agree
3/23/2026 15:32:13,25 – 34,"₦100,000 – ₦250,000",Employed (Full-time),Very stable – same amount every month,Agree,Agree,Agree,Agree,Agree,"Moderate – I understand savings, interest, and some investments","Yes, fully",I felt confident enough to join because of my financial knowledge,Trust,Recommendation from a friend or family member,Yes — it was a major factor,Agree,Agree,Agree,Agree,Agree
3/23/2026 15:34:45,25 – 34,"₦250,001 – ₦500,000",Self-employed / Entrepreneur,Moderately irregular – varies month to month,Agree,Agree,Agree,Neutral,Agree,Basic – I understand savings but not investments,"Yes, fully",Limited knowledge has prevented me from using certain features on the platform,Normal ,Recommendation from a friend or family member,Yes — it was a minor factor,Disagree,Agree,Agree,Agree,Agree
3/23/2026 15:35:45,18 – 24,"Below ₦100,000",Student,Very stable – same amount every month,Neutral,Neutral,Neutral,Neutral,Neutral,Good – I am comfortable with most financial concepts,Partially – I had some understanding,I joined despite limited knowledge — I was curious to learn,Passion,Recommendation from a friend or family member,Yes — it was a minor factor,Disagree,Disagree,Agree,Agree,Agree
3/23/2026 15:38:01,25 – 34,"₦100,000 – ₦250,000",Employed (Full-time),Mostly stable – occasional variation,Agree,Strongly Agree,Strongly Agree,Agree,Agree,"Moderate – I understand savings, interest, and some investments",Partially – I had some understanding,Limited knowledge delayed my adoption,Flexibility,Google / App Store search,Yes — it was a major factor,Agree,Agree,Neutral,Agree,Agree
3/23/2026 15:39:17,18 – 24,Prefer not to say,Student,Highly irregular – unpredictable income,Agree,Agree,Agree,Agree,Neutral,"Moderate – I understand savings, interest, and some investments",Partially – I had some understanding,I joined despite limited knowledge — I was curious to learn,My savings will be secured,Instagram / Twitter (X) / TikTok advertisement,Yes — it was a minor factor,Neutral,Agree,Agree,Agree,Agree
3/23/2026 15:45:46,18 – 24,Prefer not to say,Student,Moderately irregular – varies month to month,Neutral,Agree,Agree,Neutral,Neutral,Basic – I understand savings but not investments,Partially – I had some understanding,I joined despite limited knowledge — I was curious to learn,When my money is safe,Recommendation from a friend or family member,Yes — it was a major factor,Neutral,Agree,Agree,Agree,Agree
3/23/2026 15:49:23,25 – 34,"₦100,000 – ₦250,000",Employed (Full-time),Moderately irregular – varies month to month,Strongly Disagree,Strongly Disagree,Strongly Disagree,Strongly Diagree,Strongly disagree,Excellent – I am highly knowledgeable about financial products,"Yes, fully",Limited knowledge delayed my adoption,Publicity ,Recommendation from a friend or family member,Yes — it was a minor factor,Strongly Agree,Agree,Agree,Agree,Strongly Agree
3/23/2026 15:51:40,45 – 55,"₦500,001 – ₦1,000,000",Employed (Full-time),Very stable – same amount every month,Strongly Agree,Agree,Strongly Agree,Strongly Agree,Strongly disagree,Excellent – I am highly knowledgeable about financial products,"Yes, fully",I felt confident enough to join because of my financial knowledge,Govermentl Adequate Regulatory Policies Enforcement Agencies ,Recommendation from a friend or family member,Yes — it was a major factor,Neutral,Strongly Agree,Neutral,Neutral,Strongly Agree
3/23/2026 15:54:33,18 – 24,Prefer not to say,Student,Moderately irregular – varies month to month,Agree,Neutral,Neutral,Agree,Neutral,"Moderate – I understand savings, interest, and some investments","No, I still do not fully understand",Limited knowledge delayed my adoption,Information ,Recommendation from a friend or family member,I am not sure,Neutral,Neutral,Neutral,Neutral,Neutral
3/23/2026 15:59:47,18 – 24,"Below ₦100,000",Self-employed / Entrepreneur,Very stable – same amount every month,Agree,Agree,Agree,Agree,Agree,Basic – I understand savings but not investments,Partially – I had some understanding,I joined despite limited knowledge — I was curious to learn,I wanted to try and see,Recommendation from a friend or family member,Yes — it was a major factor,Agree,Agree,Agree,Agree,Agree
3/23/2026 16:01:34,18 – 24,"₦100,000 – ₦250,000",Employed (Full-time),Very stable – same amount every month,Strongly Agree,Strongly Agree,Agree,Agree,Agree,Good – I am comfortable with most financial concepts,Partially – I had some understanding,I joined despite limited knowledge — I was curious to learn,Assurance ,Instagram / Twitter (X) / TikTok advertisement,No — it had no influence on my decision,Agree,Agree,Agree,Agree,Strongly Agree
3/23/2026 16:09:19,25 – 34,"Below ₦100,000",Employed (Full-time),Very stable – same amount every month,Strongly Agree,Agree,Agree,Strongly Diagree,Agree,Basic – I understand savings but not investments,"Yes, fully",I felt confident enough to join because of my financial knowledge,It has possibly influenced ,Recommendation from a friend or family member,Yes — it was a major factor,Strongly Disagree,Agree,Agree,Agree,Agree
3/23/2026 16:18:52,18 – 24,"Below ₦100,000",Student,Moderately irregular – varies month to month,Strongly Agree,Strongly Agree,Strongly Agree,Strongly Agree,Strongly Agree,Basic – I understand savings but not investments,Partially – I had some understanding,I joined despite limited knowledge — I was curious to learn,Ability to save and get interest ,Recommendation from a friend or family member,Yes — it was a major factor,Strongly Agree,Strongly Agree,Strongly Agree,Strongly Agree,Strongly Agree
3/23/2026 16:33:09,45 – 55,"₦250,001 – ₦500,000",Self-employed / Entrepreneur,Moderately irregular – varies month to month,Agree,Agree,Agree,Agree,Agree,Basic – I understand savings but not investments,"No, I still do not fully understand",Limited knowledge has prevented me from using certain features on the platform,Thorough understanding on how to navigate,Workplace or community group,I am not sure,Agree,Agree,Agree,Neutral,Agree
3/23/2026 16:40:03,18 – 24,"Below ₦100,000",Student,Moderately irregular – varies month to month,Neutral,Agree,Strongly Agree,Strongly Agree,Strongly Agree,Very poor – I know very little about financial products,"No, but I learned after joining",I felt confident enough to join because of my financial knowledge,Financial knowledge ,Recommendation from a friend or family member,Yes — it was a major factor,Neutral,Agree,Strongly Agree,Agree,Neutral
3/23/2026 16:40:43,25 – 34,"Below ₦100,000",Unemployed,Very stable – same amount every month,Neutral,Agree,Agree,Agree,Disagree,Basic – I understand savings but not investments,Partially – I had some understanding,I felt confident enough to join because of my financial knowledge,Their compliance ,Recommendation from a friend or family member,No — it had no influence on my decision,Agree,Agree,Neutral,Agree,Agree
3/23/2026 16:51:12,25 – 34,"Below ₦100,000",Student,Moderately irregular – varies month to month,Strongly Disagree,Disagree,Strongly Disagree,Agree,Neutral,Basic – I understand savings but not investments,"No, I still do not fully understand",Limited knowledge has prevented me from using certain features on the platform,More knowledge about it ,Financial influencer or content creator,Yes — it was a minor factor,Strongly Disagree,Disagree,Strongly Disagree,Disagree,Strongly Disagree
3/23/2026 17:03:44,25 – 34,"Below ₦100,000",Student,Moderately irregular – varies month to month,Strongly Agree,Agree,Agree,Agree,Disagree,"Moderate – I understand savings, interest, and some investments","No, but I learned after joining",I felt confident enough to join because of my financial knowledge,Accessibility and reliability ,Google / App Store search,Yes — it was a major factor,Agree,Agree,Agree,Agree,Agree
3/23/2026 17:05:22,18 – 24,"Below ₦100,000",Employed (Full-time),Very stable – same amount every month,Agree,Agree,Agree,Agree,Disagree,Basic – I understand savings but not investments,Partially – I had some understanding,I felt confident enough to join because of my financial knowledge,Safety ,Recommendation from a friend or family member,I am not sure,Agree,Agree,Agree,Agree,Agree
3/23/2026 17:08:53,25 – 34,"₦100,000 – ₦250,000",Employed (Full-time),Very stable – same amount every month,Agree,Agree,Agree,Agree,Agree,Excellent – I am highly knowledgeable about financial products,Partially – I had some understanding,I joined despite limited knowledge — I was curious to learn,"For the fact that they're under SEC, I'm very much okay with it.",Recommendation from a friend or family member,Yes — it was a minor factor,Agree,Agree,Agree,Agree,Neutral
3/23/2026 17:09:16,18 – 24,"Below ₦100,000",Student,Highly irregular – unpredictable income,Agree,Agree,Agree,Disagree,Agree,Good – I am comfortable with most financial concepts,Partially – I had some understanding,I felt confident enough to join because of my financial knowledge,It is secured ,Recommendation from a friend or family member,Yes — it was a major factor,Neutral,Agree,Agree,Agree,Agree
3/23/2026 17:10:40,25 – 34,"Below ₦100,000",Employed (Part-time),Very stable – same amount every month,Neutral,Agree,Agree,Neutral,Neutral,"Moderate – I understand savings, interest, and some investments",Partially – I had some understanding,I felt confident enough to join because of my financial knowledge,Proper and more detailed explanation and description about the app and all it's components.,Google / App Store search,No — it had no influence on my decision,Neutral,Neutral,Neutral,Neutral,Neutral
3/23/2026 17:18:31,25 – 34,"₦500,001 – ₦1,000,000",Employed (Part-time),Mostly stable – occasional variation,Strongly Agree,Strongly Agree,Strongly Agree,Strongly Agree,Disagree,"Moderate – I understand savings, interest, and some investments","Yes, fully",I felt confident enough to join because of my financial knowledge,"Transparency, autonomy ",Instagram / Twitter (X) / TikTok advertisement,No — it had no influence on my decision,Strongly Disagree,Agree,Strongly Agree,Strongly Agree,Agree
3/23/2026 17:29:41,35 – 44,"₦500,001 – ₦1,000,000",Employed (Full-time),Very stable – same amount every month,Disagree,Disagree,Agree,Agree,Strongly disagree,"Moderate – I understand savings, interest, and some investments","No, I still do not fully understand",Limited knowledge has prevented me from using certain features on the platform,Returns over time,Financial influencer or content creator,No — it had no influence on my decision,Strongly Disagree,Agree,Neutral,Neutral,Neutral
3/23/2026 17:30:54,25 – 34,"₦100,000 – ₦250,000",Employed (Part-time),Mostly stable – occasional variation,Agree,Agree,Agree,Agree,Agree,Good – I am comfortable with most financial concepts,Partially – I had some understanding,I felt confident enough to join because of my financial knowledge,Increase in security level,Recommendation from a friend or family member,Yes — it was a major factor,Agree,Agree,Agree,Agree,Agree
3/23/2026 18:04:56,18 – 24,"Below ₦100,000",Student,Moderately irregular – varies month to month,Agree,Agree,Neutral,Strongly Diagree,Agree,Excellent – I am highly knowledgeable about financial products,"Yes, fully",I felt confident enough to join because of my financial knowledge,Bamboo,Instagram / Twitter (X) / TikTok advertisement,No — it had no influence on my decision,Agree,Neutral,Neutral,Neutral,Agree
3/23/2026 18:47:21,25 – 34,"₦100,000 – ₦250,000",Self-employed / Entrepreneur,Moderately irregular – varies month to month,Strongly Agree,Strongly Agree,Strongly Agree,Strongly Agree,Strongly disagree,"Moderate – I understand savings, interest, and some investments",Partially – I had some understanding,I felt confident enough to join because of my financial knowledge,My ability to prevent impulse spending,Recommendation from a friend or family member,No — it had no influence on my decision,Agree,Agree,Strongly Agree,Strongly Agree,Strongly Agree
3/23/2026 18:48:10,25 – 34,"Below ₦100,000",Student,Highly irregular – unpredictable income,Neutral,Neutral,Neutral,Neutral,Neutral,"Moderate – I understand savings, interest, and some investments",Partially – I had some understanding,I joined despite limited knowledge — I was curious to learn,If statement of account can be accessible ,Recommendation from a friend or family member,Yes — it was a minor factor,Neutral,Neutral,Neutral,Neutral,Neutral
3/23/2026 19:09:37,18 – 24,"₦100,000 – ₦250,000",Employed (Full-time),Very stable – same amount every month,Strongly Agree,Agree,Agree,Strongly Agree,Neutral,Good – I am comfortable with most financial concepts,Partially – I had some understanding,I felt confident enough to join because of my financial knowledge,They could provide clearer and more transparent fees as well as easier goal-setting tools ,Recommendation from a friend or family member,Yes — it was a major factor,Neutral,Neutral,Agree,Strongly Agree,Agree
3/23/2026 19:12:36,25 – 34,"Above ₦1,000,000",Employed (Full-time),Very stable – same amount every month,Strongly Agree,Neutral,Strongly Agree,Strongly Agree,Strongly disagree,Good – I am comfortable with most financial concepts,"Yes, fully",I felt confident enough to join because of my financial knowledge,"not so much confidence, its the ease ",Instagram / Twitter (X) / TikTok advertisement,Yes — it was a major factor,Neutral,Strongly Agree,Neutral,Strongly Agree,Strongly Agree
3/23/2026 19:14:13,25 – 34,"Below ₦100,000",Student,Moderately irregular – varies month to month,Agree,Disagree,Neutral,Disagree,Agree,Good – I am comfortable with most financial concepts,Partially – I had some understanding,Limited knowledge has prevented me from using certain features on the platform,Introduction of block chain technology.,Instagram / Twitter (X) / TikTok advertisement,No — it had no influence on my decision,Agree,Neutral,Agree,Agree,Neutral
3/23/2026 19:20:16,25 – 34,"₦100,000 – ₦250,000",Self-employed / Entrepreneur,Highly irregular – unpredictable income,Neutral,Neutral,Neutral,Neutral,Neutral,Basic – I understand savings but not investments,"No, I still do not fully understand",Limited knowledge has prevented me from using certain features on the platform,I have no knowledge on it currently ,Other (please specify): ____________________________,No — it had no influence on my decision,Neutral,Neutral,Neutral,Neutral,Neutral
3/23/2026 20:01:04,25 – 34,"₦250,001 – ₦500,000",Employed (Full-time),Mostly stable – occasional variation,Agree,Agree,Agree,Agree,Neutral,Good – I am comfortable with most financial concepts,Partially – I had some understanding,I joined despite limited knowledge — I was curious to learn,Nothing ,Instagram / Twitter (X) / TikTok advertisement,Yes — it was a major factor,Neutral,Neutral,Agree,Agree,Agree
3/23/2026 20:04:32,18 – 24,Prefer not to say,Student,Moderately irregular – varies month to month,Agree,Agree,Agree,Neutral,Agree,Good – I am comfortable with most financial concepts,Partially – I had some understanding,I joined despite limited knowledge — I was curious to learn,My income ,Recommendation from a friend or family member,Yes — it was a major factor,Agree,Agree,Agree,Agree,Agree
3/23/2026 20:09:29,18 – 24,"Below ₦100,000",Student,Moderately irregular – varies month to month,Strongly Agree,Strongly Agree,Strongly Agree,Strongly Diagree,Strongly Agree,Basic – I understand savings but not investments,Partially – I had some understanding,I joined despite limited knowledge — I was curious to learn,If it's highly secured ,Recommendation from a friend or family member,Yes — it was a major factor,Strongly Agree,Strongly Agree,Strongly Agree,Strongly Agree,Strongly Agree
3/23/2026 20:17:31,18 – 24,"Below ₦100,000",Student,Very stable – same amount every month,Neutral,Neutral,Neutral,Neutral,Neutral,"Moderate – I understand savings, interest, and some investments",Partially – I had some understanding,I joined despite limited knowledge — I was curious to learn,Neutral,Instagram / Twitter (X) / TikTok advertisement,I am not sure,Neutral,Neutral,Neutral,Neutral,Neutral
3/23/2026 20:41:30,25 – 34,"Below ₦100,000",Student,Highly irregular – unpredictable income,Neutral,Neutral,Agree,Agree,Agree,Good – I am comfortable with most financial concepts,Partially – I had some understanding,I joined despite limited knowledge — I was curious to learn,Security and ease,Recommendation from a friend or family member,Yes — it was a major factor,Agree,Neutral,Agree,Agree,Neutral
3/23/2026 20:51:59,18 – 24,"Below ₦100,000",Student,Highly irregular – unpredictable income,Agree,Agree,Agree,Agree,Neutral,"Moderate – I understand savings, interest, and some investments",Partially – I had some understanding,I joined despite limited knowledge — I was curious to learn,Because is trusted and reliable and it help me to save well ,Financial influencer or content creator,I am not sure,Agree,Agree,Agree,Neutral,Strongly Agree
3/23/2026 20:58:10,25 – 34,Prefer not to say,Unemployed,Highly irregular – unpredictable income,Agree,Agree,Strongly Agree,Neutral,Agree,Basic – I understand savings but not investments,"No, I still do not fully understand",Limited knowledge delayed my adoption,Nil,Instagram / Twitter (X) / TikTok advertisement,No — it had no influence on my decision,Neutral,Neutral,Neutral,Neutral,Neutral
3/23/2026 21:00:50,18 – 24,"Below ₦100,000",Student,Highly irregular – unpredictable income,Strongly Agree,Strongly Agree,Strongly Agree,Agree,Agree,Basic – I understand savings but not investments,"No, I still do not fully understand",I joined despite limited knowledge — I was curious to learn,Because is trusted and reliable ,Recommendation from a friend or family member,Yes — it was a major factor,Strongly Agree,Strongly Agree,Strongly Agree,Strongly Agree,Strongly Agree
3/23/2026 21:03:39,18 – 24,"Below ₦100,000",Student,Very stable – same amount every month,Strongly Agree,Agree,Agree,Agree,Neutral,Good – I am comfortable with most financial concepts,Partially – I had some understanding,I joined despite limited knowledge — I was curious to learn,"I believe the effectiveness, availability and reliability of the platform will increase my confidence in using Cowrywise",Recommendation from a friend or family member,Yes — it was a major factor,Agree,Agree,Strongly Agree,Agree,Agree
3/23/2026 21:06:41,18 – 24,"Below ₦100,000",Student,Very stable – same amount every month,Strongly Agree,Strongly Agree,Strongly Agree,Neutral,Strongly Agree,"Moderate – I understand savings, interest, and some investments","Yes, fully",I felt confident enough to join because of my financial knowledge,Investment choices ,Instagram / Twitter (X) / TikTok advertisement,Yes — it was a major factor,Strongly Agree,Strongly Agree,Strongly Agree,Strongly Agree,Strongly Agree
3/23/2026 21:21:14,18 – 24,"Below ₦100,000",Self-employed / Entrepreneur,Mostly stable – occasional variation,Neutral,Agree,Agree,Agree,Agree,"Moderate – I understand savings, interest, and some investments",Partially – I had some understanding,I joined despite limited knowledge — I was curious to learn,It has improve my ability to save money,Recommendation from a friend or family member,Yes — it was a major factor,Agree,Agree,Agree,Agree,Agree
3/23/2026 21:32:46,25 – 34,"Below ₦100,000",Student,Highly irregular – unpredictable income,Neutral,Neutral,Neutral,Neutral,Agree,Basic – I understand savings but not investments,Partially – I had some understanding,Limited knowledge delayed my adoption,More awareness of the platform ,Google / App Store search,Yes — it was a minor factor,Agree,Neutral,Neutral,Neutral,Neutral
3/23/2026 22:07:21,18 – 24,"Below ₦100,000",Student,Moderately irregular – varies month to month,Neutral,Agree,Strongly Agree,Agree,Agree,Excellent – I am highly knowledgeable about financial products,Partially – I had some understanding,I felt confident enough to join because of my financial knowledge,Because it is very safe,Recommendation from a friend or family member,I am not sure,Agree,Agree,Agree,Neutral,Agree
3/23/2026 22:08:53,25 – 34,"Below ₦100,000",Employed (Part-time),Moderately irregular – varies month to month,Neutral,Agree,Agree,Agree,Agree,Excellent – I am highly knowledgeable about financial products,"Yes, fully",I felt confident enough to join because of my financial knowledge,It's legal and trustworthy.,Recommendation from a friend or family member,Yes — it was a major factor,Neutral,Agree,Agree,Agree,Agree
3/23/2026 22:51:52,25 – 34,"₦100,000 – ₦250,000",Employed (Full-time),Mostly stable – occasional variation,Agree,Neutral,Agree,Strongly Agree,Neutral,"Moderate – I understand savings, interest, and some investments",Partially – I had some understanding,Limited knowledge has prevented me from using certain features on the platform,I would say one of the things that will improve my confidence in using digital savings platforms like Cowrywise is better security which simply mean that I will not have to worry about the app been hacked.,Financial influencer or content creator,Yes — it was a minor factor,Neutral,Neutral,Neutral,Agree,Neutral
3/24/2026 0:14:56,18 – 24,"Below ₦100,000",Employed (Full-time),Very stable – same amount every month,Agree,Agree,Agree,Neutral,Neutral,Good – I am comfortable with most financial concepts,Partially – I had some understanding,I felt confident enough to join because of my financial knowledge,If they had physical onsite locations ,Instagram / Twitter (X) / TikTok advertisement,No — it had no influence on my decision,Neutral,Neutral,Neutral,Neutral,Neutral
3/24/2026 0:23:38,25 – 34,"₦250,001 – ₦500,000",Employed (Full-time),Mostly stable – occasional variation,Agree,Agree,Agree,Strongly Agree,Disagree,Good – I am comfortable with most financial concepts,"Yes, fully",I felt confident enough to join because of my financial knowledge,Knowledge on different investment products,Instagram / Twitter (X) / TikTok advertisement,Yes — it was a minor factor,Agree,Agree,Neutral,Neutral,Neutral
3/24/2026 22:19:36,18 – 24,"Below ₦100,000",Student,Highly irregular – unpredictable income,Disagree,Neutral,Agree,Neutral,Agree,"Moderate – I understand savings, interest, and some investments",Partially – I had some understanding,Limited knowledge delayed my adoption,The Good results it's yield,Instagram / Twitter (X) / TikTok advertisement,No — it had no influence on my decision,Neutral,Agree,Agree,Disagree,Neutral
3/25/2026 10:49:41,25 – 34,"₦250,001 – ₦500,000",Employed (Full-time),Very stable – same amount every month,Strongly Agree,Agree,Agree,Agree,Neutral,Basic – I understand savings but not investments,Partially – I had some understanding,Limited knowledge has prevented me from using certain features on the platform,Knowledge if it's features and how I can benefit from it,Workplace or community group,Yes — it was a minor factor,Neutral,Agree,Agree,Agree,Agree
3/25/2026 11:22:31,18 – 24,"Below ₦100,000",Student,Moderately irregular – varies month to month,Agree,Agree,Agree,Neutral,Agree,Very poor – I know very little about financial products,Partially – I had some understanding,I joined despite limited knowledge — I was curious to learn,Good services ,Other (please specify): ____________________________,Yes — it was a minor factor,Agree,Neutral,Neutral,Agree,Neutral
3/25/2026 17:34:11,45 – 55,"Above ₦1,000,000",Employed (Full-time),Very stable – same amount every month,Neutral,Neutral,Agree,Neutral,Agree,"Moderate – I understand savings, interest, and some investments","No, I still do not fully understand",Limited knowledge has prevented me from using certain features on the platform,Constant profit,Recommendation from a friend or family member,No — it had no influence on my decision,Neutral,Neutral,Neutral,Neutral,Neutral
3/25/2026 17:51:07,18 – 24,"Below ₦100,000",Employed (Full-time),Highly irregular – unpredictable income,Strongly Agree,Agree,Agree,Strongly Agree,Agree,"Moderate – I understand savings, interest, and some investments",Partially – I had some understanding,I felt confident enough to join because of my financial knowledge,The Interest attached with saving on the app,Instagram / Twitter (X) / TikTok advertisement,No — it had no influence on my decision,Agree,Agree,Strongly Agree,Strongly Agree,Strongly Agree
3/25/2026 21:50:35,25 – 34,"Below ₦100,000",Employed (Full-time),Highly irregular – unpredictable income,Agree,Agree,Agree,Agree,Agree,"Moderate – I understand savings, interest, and some investments",Partially – I had some understanding,I joined despite limited knowledge — I was curious to learn,Trust,Google / App Store search,I am not sure,Agree,Neutral,Agree,Agree,Neutral
3/31/2026 13:05:01,25 – 34,"₦250,001 – ₦500,000",Employed (Full-time),Very stable – same amount every month,Agree,Agree,Agree,Agree,Neutral,Basic – I understand savings but not investments,Partially – I had some understanding,I joined despite limited knowledge — I was curious to learn,I’m not sure.,Instagram / Twitter (X) / TikTok advertisement,Yes — it was a minor factor,Neutral,Agree,Agree,Agree,Neutral
3/31/2026 17:50:25,18 – 24,"₦250,001 – ₦500,000",Employed (Full-time),Very stable – same amount every month,Agree,Agree,Agree,Neutral,Agree,"Moderate – I understand savings, interest, and some investments",Partially – I had some understanding,I joined despite limited knowledge — I was curious to learn,More security ,Recommendation from a friend or family member,Yes — it was a major factor,Neutral,Agree,Agree,Agree,Agree
3/31/2026 17:51:00,25 – 34,"₦250,001 – ₦500,000",Employed (Full-time),Very stable – same amount every month,Agree,Agree,Agree,Agree,Agree,Good – I am comfortable with most financial concepts,"No, but I learned after joining",I joined despite limited knowledge — I was curious to learn,Structure ,Recommendation from a friend or family member,Yes — it was a minor factor,Agree,Agree,Agree,Agree,Agree
3/31/2026 18:05:50,25 – 34,"₦100,000 – ₦250,000",Employed (Full-time),Very stable – same amount every month,Strongly Agree,Strongly Agree,Strongly Agree,Strongly Agree,Strongly Agree,"Moderate – I understand savings, interest, and some investments",Partially – I had some understanding,I joined despite limited knowledge — I was curious to learn,I’m currently confident ,Recommendation from a friend or family member,Yes — it was a major factor,Strongly Agree,Strongly Agree,Strongly Agree,Strongly Agree,Strongly Agree
4/1/2026 21:34:21,18 – 24,"₦500,001 – ₦1,000,000",Employed (Full-time),Very stable – same amount every month,Agree,Neutral,Agree,Agree,Neutral,Basic – I understand savings but not investments,"Yes, fully",I joined despite limited knowledge — I was curious to learn,Flexibility in withdrawals,Instagram / Twitter (X) / TikTok advertisement,Yes — it was a minor factor,Disagree,Agree,Neutral,Neutral,Neutral
4/1/2026 21:37:37,25 – 34,"Above ₦1,000,000",Employed (Full-time),Mostly stable – occasional variation,Agree,Neutral,Agree,Agree,Agree,Excellent – I am highly knowledgeable about financial products,"Yes, fully",I felt confident enough to join because of my financial knowledge,…,Instagram / Twitter (X) / TikTok advertisement,No — it had no influence on my decision,Agree,Neutral,Agree,Neutral,Neutral
4/1/2026 21:39:06,25 – 34,"₦100,000 – ₦250,000",Employed (Part-time),Very stable – same amount every month,Agree,Neutral,Agree,Strongly Agree,Disagree,"Moderate – I understand savings, interest, and some investments",Partially – I had some understanding,I joined despite limited knowledge — I was curious to learn,"I’d feel more confident if the platform is consistently reliable, like smooth withdrawals, no glitches, knowing my money is safe",Recommendation from a friend or family member,Yes — it was a major factor,Neutral,Agree,Agree,Agree,Strongly Agree
4/1/2026 21:57:36,18 – 24,"₦500,001 – ₦1,000,000",Employed (Full-time),Mostly stable – occasional variation,Agree,Agree,Agree,Agree,Neutral,"Moderate – I understand savings, interest, and some investments","Yes, fully",I joined despite limited knowledge — I was curious to learn,rewards ,Instagram / Twitter (X) / TikTok advertisement,Yes — it was a major factor,Agree,Agree,Neutral,Agree,Agree
4/1/2026 22:02:12,18 – 24,"₦500,001 – ₦1,000,000",Self-employed / Entrepreneur,Mostly stable – occasional variation,Agree,Agree,Agree,Strongly Agree,Neutral,Good – I am comfortable with most financial concepts,"Yes, fully",I joined despite limited knowledge — I was curious to learn,Nothing ,Recommendation from a friend or family member,Yes — it was a major factor,Disagree,Agree,Agree,Agree,Neutral
4/1/2026 22:14:33,25 – 34,"₦500,001 – ₦1,000,000",Employed (Full-time),Very stable – same amount every month,Strongly Agree,Neutral,Strongly Agree,Strongly Agree,Disagree,Excellent – I am highly knowledgeable about financial products,Partially – I had some understanding,I felt confident enough to join because of my financial knowledge,"Being able to withdraw funds easily when needed. Also, responsive customer support makes a big difference.",Recommendation from a friend or family member,Yes — it was a major factor,Disagree,Agree,Strongly Agree,Strongly Agree,Strongly Agree
4/1/2026 22:29:31,25 – 34,"₦500,001 – ₦1,000,000",Employed (Full-time),Very stable – same amount every month,Agree,Agree,Agree,Neutral,Disagree,"Moderate – I understand savings, interest, and some investments","No, but I learned after joining",I joined despite limited knowledge — I was curious to learn,I’m satisfied and confident in the platform as is ,Instagram / Twitter (X) / TikTok advertisement,No — it had no influence on my decision,Neutral,Neutral,Agree,Agree,Agree
4/1/2026 22:39:47,25 – 34,"₦500,001 – ₦1,000,000",Employed (Full-time),Very stable – same amount every month,Neutral,Agree,Agree,Agree,Disagree,"Moderate – I understand savings, interest, and some investments",Partially – I had some understanding,Limited knowledge delayed my adoption,Real life user experience/testimonials ,Instagram / Twitter (X) / TikTok advertisement,Yes — it was a major factor,Neutral,Agree,Neutral,Agree,Neutral
4/1/2026 22:40:16,18 – 24,"Below ₦100,000",Unemployed,Very stable – same amount every month,Neutral,Neutral,Neutral,Neutral,Neutral,"Moderate – I understand savings, interest, and some investments",Partially – I had some understanding,I joined despite limited knowledge — I was curious to learn,Nothing ,Financial influencer or content creator,I am not sure,Neutral,Agree,Agree,Agree,Agree
4/1/2026 22:51:52,25 – 34,"₦100,000 – ₦250,000",Self-employed / Entrepreneur,Highly irregular – unpredictable income,Neutral,Neutral,Agree,Disagree,Strongly Agree,"Moderate – I understand savings, interest, and some investments",Partially – I had some understanding,Limited knowledge has prevented me from using certain features on the platform,Nothing unfortunately.,Financial influencer or content creator,Yes — it was a minor factor,Neutral,Neutral,Neutral,Disagree,Neutral
4/1/2026 23:08:25,25 – 34,"₦500,001 – ₦1,000,000",Student,Very stable – same amount every month,Agree,Agree,Strongly Agree,Neutral,Disagree,"Moderate – I understand savings, interest, and some investments","No, I still do not fully understand",I joined despite limited knowledge — I was curious to learn,Having a staff play the role of a financial adviser ,Recommendation from a friend or family member,Yes — it was a major factor,Strongly Agree,Strongly Agree,Strongly Agree,Strongly Disagree,Neutral
4/2/2026 0:12:23,25 – 34,"Above ₦1,000,000",Employed (Full-time),Very stable – same amount every month,Strongly Agree,Strongly Agree,Strongly Agree,Strongly Agree,Agree,Excellent – I am highly knowledgeable about financial products,"Yes, fully",I felt confident enough to join because of my financial knowledge,More accountability on investments carried out with people’s savings,Instagram / Twitter (X) / TikTok advertisement,Yes — it was a minor factor,Neutral,Neutral,Neutral,Neutral,Neutral
4/2/2026 0:33:31,25 – 34,"₦250,001 – ₦500,000",Employed (Full-time),Very stable – same amount every month,Neutral,Neutral,Agree,Agree,Disagree,"Moderate – I understand savings, interest, and some investments","Yes, fully",Limited knowledge has prevented me from using certain features on the platform,Nothing really I prefer PiggyVest ,Workplace or community group,I am not sure,Neutral,Agree,Neutral,Neutral,Neutral
4/2/2026 6:36:22,25 – 34,"₦100,000 – ₦250,000",Employed (Full-time),Mostly stable – occasional variation,Strongly Agree,Agree,Neutral,Agree,Disagree,"Moderate – I understand savings, interest, and some investments",Partially – I had some understanding,I joined despite limited knowledge — I was curious to learn,A general improvement on User experience ,Instagram / Twitter (X) / TikTok advertisement,No — it had no influence on my decision,Neutral,Agree,Agree,Agree,Agree
4/2/2026 7:56:23,25 – 34,Prefer not to say,Self-employed / Entrepreneur,Moderately irregular – varies month to month,Neutral,Neutral,Neutral,Strongly Agree,Neutral,"Moderate – I understand savings, interest, and some investments",Partially – I had some understanding,I joined despite limited knowledge — I was curious to learn,"Easy explanations in term of investing, investment coaching options ",Recommendation from a friend or family member,Yes — it was a minor factor,Disagree,Neutral,Agree,Agree,Neutral
4/2/2026 10:03:18,25 – 34,"₦500,001 – ₦1,000,000",Employed (Full-time),Mostly stable – occasional variation,Strongly Agree,Agree,Agree,Strongly Agree,Disagree,Basic – I understand savings but not investments,"No, but I learned after joining",I joined despite limited knowledge — I was curious to learn,Better breakdown for how the economy affects saving culture ,Recommendation from a friend or family member,Yes — it was a minor factor,Neutral,Agree,Agree,Strongly Agree,Agree
4/2/2026 13:37:18,25 – 34,"₦500,001 – ₦1,000,000",Employed (Full-time),Very stable – same amount every month,Agree,Agree,Strongly Agree,Strongly Agree,Neutral,Good – I am comfortable with most financial concepts,"Yes, fully",I joined despite limited knowledge — I was curious to learn,Nil,Recommendation from a friend or family member,Yes — it was a major factor,Agree,Agree,Agree,Agree,Agree
4/2/2026 18:47:19,25 – 34,"Above ₦1,000,000",Employed (Full-time),Mostly stable – occasional variation,Strongly Agree,Agree,Neutral,Strongly Agree,Disagree,Good – I am comfortable with most financial concepts,"Yes, fully",I felt confident enough to join because of my financial knowledge,Responsive help and solid protection of funds/data,Recommendation from a friend or family member,Yes — it was a minor factor,Strongly Disagree,Neutral,Neutral,Agree,Neutral
4/2/2026 20:40:32,25 – 34,"Above ₦1,000,000",Self-employed / Entrepreneur,Mostly stable – occasional variation,Strongly Agree,Agree,Strongly Agree,Strongly Agree,Disagree,Good – I am comfortable with most financial concepts,Partially – I had some understanding,I joined despite limited knowledge — I was curious to learn,Sincerely nothing coming to mind at the moment ,Instagram / Twitter (X) / TikTok advertisement,Yes — it was a major factor,Neutral,Agree,Strongly Agree,Agree,Neutral
4/3/2026 11:58:09,18 – 24,"₦100,000 – ₦250,000",Student,Mostly stable – occasional variation,Agree,Agree,Agree,Strongly Agree,Agree,Excellent – I am highly knowledgeable about financial products,"Yes, fully",I felt confident enough to join because of my financial knowledge,The strong security and transparency ,Recommendation from a friend or family member,No — it had no influence on my decision,Agree,Agree,Agree,Agree,Agree
4/7/2026 13:39:42,25 – 34,"₦250,001 – ₦500,000",Employed (Full-time),Very stable – same amount every month,Agree,Agree,Strongly Agree,Strongly Agree,Neutral,Good – I am comfortable with most financial concepts,"Yes, fully",I joined despite limited knowledge — I was curious to learn,They're highly regulated ,Recommendation from a friend or family member,Yes — it was a minor factor,Agree,Neutral,Strongly Agree,Agree,Neutral
4/7/2026 13:59:34,18 – 24,"₦100,000 – ₦250,000",Self-employed / Entrepreneur,Mostly stable – occasional variation,Strongly Agree,Strongly Agree,Strongly Agree,Strongly Agree,Disagree,"Moderate – I understand savings, interest, and some investments","Yes, fully",I joined despite limited knowledge — I was curious to learn,Quicker withdrawal process,Recommendation from a friend or family member,Yes — it was a minor factor,Neutral,Agree,Agree,Agree,Agree
4/7/2026 14:41:50,25 – 34,"₦250,001 – ₦500,000",Employed (Full-time),Very stable – same amount every month,Agree,Agree,Agree,Agree,Neutral,Good – I am comfortable with most financial concepts,Partially – I had some understanding,I felt confident enough to join because of my financial knowledge,Clear explanation of how funds are invested.,Google / App Store search,No — it had no influence on my decision,Disagree,Agree,Strongly Agree,Strongly Agree,Agree
4/7/2026 14:42:55,35 – 44,"₦500,001 – ₦1,000,000",Employed (Full-time),Very stable – same amount every month,Agree,Agree,Agree,Agree,Neutral,Good – I am comfortable with most financial concepts,"Yes, fully",I joined despite limited knowledge — I was curious to learn,Giving us updates on their business and security of my money ,Google / App Store search,No — it had no influence on my decision,Agree,Agree,Agree,Agree,Agree
4/7/2026 16:34:33,25 – 34,"Above ₦1,000,000",Self-employed / Entrepreneur,Very stable – same amount every month,Agree,Agree,Agree,Strongly Agree,Neutral,"Moderate – I understand savings, interest, and some investments","Yes, fully",I felt confident enough to join because of my financial knowledge,More transparency on how the platform works and where funds are held.,Financial influencer or content creator,Yes — it was a minor factor,Agree,Strongly Agree,Agree,Agree,Agree
4/7/2026 16:35:56,25 – 34,"₦500,001 – ₦1,000,000",Employed (Full-time),Very stable – same amount every month,Strongly Agree,Strongly Agree,Strongly Agree,Strongly Agree,Agree,Basic – I understand savings but not investments,Partially – I had some understanding,I joined despite limited knowledge — I was curious to learn,More visible partnerships with reputable banks and financial institutions.,Workplace or community group,Yes — it was a minor factor,Strongly Agree,Strongly Agree,Strongly Agree,Strongly Agree,Strongly Agree
4/8/2026 10:51:22,35 – 44,"₦100,000 – ₦250,000",Self-employed / Entrepreneur,Moderately irregular – varies month to month,Neutral,Neutral,Agree,Agree,Agree,Basic – I understand savings but not investments,Partially – I had some understanding,Limited knowledge has prevented me from using certain features on the platform,Having a well-detailed about it,Instagram / Twitter (X) / TikTok advertisement,Yes — it was a minor factor,Neutral,Neutral,Neutral,Neutral,Neutral
4/13/2026 19:07:08,25 – 34,"Above ₦1,000,000",Employed (Full-time),Very stable – same amount every month,Disagree,Strongly Disagree,Neutral,Agree,Strongly Agree,Good – I am comfortable with most financial concepts,Partially – I had some understanding,I joined despite limited knowledge — I was curious to learn,Safety of funds,Recommendation from a friend or family member,Yes — it was a minor factor,Disagree,Agree,Agree,Agree,Agree